debug_cv2_01,debug_cv2_02,
debug_cv2_03,debug_cv2_04,
debug_cv2_05,debug_cv2_07,
debug_cv2_06,debug_cv2_08,
debug_cv2_10,debug_cv2_09,
debug_cv2_12,debug_cv2_11,
debug_cv2_14,debug_cv2_13,
debug_cv2_16,debug_cv2_15,
debug_cv2_23,debug_cv2_24,
debug_cv2_17,debug_cv2_18,
debug_cv2_19,debug_cv2_20,
debug_cv2_21,debug_cv2_22,
debug_cv2_26,debug_cv2_27,
debug_cv2_28,debug_cv2_29,
debug_cv2_35,debug_cv2_36,
debug_cv2_39,debug_cv2_38,
debug_cv2_40,debug_cv2_41,
debug_cv2_44,debug_cv2_45,
debug_cv2_46,debug_cv2_47,
debug_cv2_48,debug_cv2_49,
debug_cv2_50,debug_cv2_51,
debug_cv2_53,debug_cv2_52,
,,debug_cv2_25
,,debug_cv2_30
,,debug_cv2_31
,,debug_cv2_32
,,debug_cv2_33
,,debug_cv2_34
,,debug_cv2_54
,,debug_cv2_56